id,first_name,last_name,email,gender,ip_address
1,Deirdre,Folke,dfolke0@ucsd.edu,Genderfluid,189.166.74.132
2,Violette,McShea,vmcshea1@posterous.com,Female,244.220.82.196
3,Robina,Berka,rberka2@epa.gov,Female,93.129.46.64
4,Joell,Gossipin,jgossipin3@latimes.com,Female,33.218.21.123
5,Shanda,Mansion,smansion4@uiuc.edu,Female,85.147.130.16
6,Alicea,Finn,afinn5@youtu.be,Female,97.143.54.0
7,Noam,Levis,nlevis6@utexas.edu,Male,242.253.48.63
8,Carolyn,Dyment,cdyment7@1688.com,Female,24.151.190.133
9,Kerwin,Androletti,kandroletti8@reference.com,Male,147.61.166.229
10,Elyssa,Mulrooney,emulrooney9@chronoengine.com,Female,204.167.67.121
11,Hanni,Maingot,hmaingota@sohu.com,Female,185.111.114.210
12,Nelly,Dicker,ndickerb@globo.com,Female,202.75.93.65
13,Etty,Creffeild,ecreffeildc@europa.eu,Female,218.90.153.118
14,Kikelia,Halstead,khalsteadd@phpbb.com,Female,157.159.134.238
15,Ali,Cluff,acluffe@comsenz.com,Male,33.105.50.166
16,Vikky,Sibray,vsibrayf@google.fr,Genderfluid,247.221.247.178
17,Sergent,Brinicombe,sbrinicombeg@linkedin.com,Male,180.102.176.226
18,Marissa,Byrde,mbyrdeh@dailymail.co.uk,Polygender,190.153.2.87
19,Rafi,Climar,rclimari@typepad.com,Male,189.158.33.66
20,Marieann,Khadir,mkhadirj@whitehouse.gov,Female,41.0.193.158
21,Jacquie,Ambrodi,jambrodik@army.mil,Polygender,100.67.164.141
22,Obidiah,Olenin,ooleninl@redcross.org,Male,167.12.179.208
23,Rosanne,Bazire,rbazirem@gmpg.org,Polygender,184.15.205.89
24,Celestina,Monteaux,cmonteauxn@ameblo.jp,Female,78.116.59.60
25,Tamar,Genery,tgeneryo@si.edu,Female,142.201.227.247
26,Rivalee,Maccari,rmaccarip@smh.com.au,Female,184.30.252.48
27,Kingsley,Boullen,kboullenq@yahoo.co.jp,Male,80.144.213.90
28,Haslett,Sagar,hsagarr@lulu.com,Bigender,194.60.19.50
29,Reamonn,Gunn,rgunns@accuweather.com,Genderqueer,59.6.173.233
30,Laurence,Quincey,lquinceyt@phpbb.com,Male,150.252.102.118
31,Bradford,Fell,bfellu@yellowbook.com,Male,161.235.241.39
32,Clare,Tedstone,ctedstonev@scribd.com,Male,128.165.141.165
33,Nicholas,Makiver,nmakiverw@whitehouse.gov,Male,144.57.51.195
34,Normy,Adriano,nadrianox@sohu.com,Male,140.19.119.13
35,Rahal,Winfield,rwinfieldy@ebay.com,Female,151.170.63.24
36,Audie,Shelliday,ashellidayz@jigsy.com,Female,152.65.89.69
37,Geoffry,Acres,gacres10@infoseek.co.jp,Male,167.87.83.75
38,Ali,Loyns,aloyns11@elegantthemes.com,Non-binary,139.2.67.222
39,Marjie,Renn,mrenn12@youtu.be,Female,58.148.70.223
40,Ree,Fahrenbacher,rfahrenbacher13@ehow.com,Female,244.187.195.170
41,Demeter,Avrahamoff,davrahamoff14@tmall.com,Genderqueer,31.69.133.248
42,Alfonse,Kopf,akopf15@multiply.com,Male,53.48.177.246
43,Kassi,Kalberer,kkalberer16@yahoo.co.jp,Female,107.150.88.118
44,Boigie,Cammiemile,bcammiemile17@bbc.co.uk,Male,89.225.170.110
45,Courtney,Burgh,cburgh18@de.vu,Female,104.86.245.43
46,Nydia,Lawranson,nlawranson19@issuu.com,Female,126.33.209.72
47,Welch,Verbeke,wverbeke1a@indiegogo.com,Male,65.108.186.151
48,Brinna,Staker,bstaker1b@loc.gov,Female,158.211.102.42
49,Agosto,Bolland,abolland1c@arizona.edu,Male,29.105.180.36
50,Patrizio,McCarly,pmccarly1d@fema.gov,Male,111.178.134.35
51,Lilah,Bonney,lbonney1e@scribd.com,Female,241.20.106.176
52,Kerstin,Duffet,kduffet1f@slashdot.org,Female,82.160.166.7
53,Martica,Baudrey,mbaudrey1g@gov.uk,Female,66.248.178.49
54,Bax,Coffey,bcoffey1h@yellowbook.com,Male,116.1.49.120
55,Aldridge,McCrackan,amccrackan1i@loc.gov,Male,48.32.1.67
56,Dalli,Jaouen,djaouen1j@goo.ne.jp,Male,226.111.39.191
57,Caitlin,Haggart,chaggart1k@independent.co.uk,Female,39.35.161.135
58,Dalenna,Bettlestone,dbettlestone1l@studiopress.com,Female,44.126.1.77
59,Katine,Rizzo,krizzo1m@123-reg.co.uk,Female,168.242.106.27
60,Savina,Korneluk,skorneluk1n@thetimes.co.uk,Female,105.188.250.15
61,Cindy,Baldrey,cbaldrey1o@oakley.com,Female,61.71.146.244
62,Arline,Tarbett,atarbett1p@ca.gov,Female,0.187.43.254
63,Marys,Tanti,mtanti1q@livejournal.com,Female,34.53.14.28
64,Aeriel,Jouannisson,ajouannisson1r@rambler.ru,Genderqueer,160.127.88.128
65,Dulcy,Gormally,dgormally1s@umn.edu,Female,220.121.47.185
66,Francisca,Kamienski,fkamienski1t@tinyurl.com,Agender,196.130.122.120
67,Brigitte,Antonikov,bantonikov1u@taobao.com,Female,99.171.75.245
68,Joscelin,Cochrane,jcochrane1v@sina.com.cn,Female,226.141.50.32
69,Darlleen,Geldard,dgeldard1w@examiner.com,Female,235.130.57.205
70,Alf,Clague,aclague1x@360.cn,Non-binary,129.17.182.194
71,Haydon,Kleiner,hkleiner1y@slashdot.org,Male,29.2.236.9
72,Giacopo,Spurgin,gspurgin1z@themeforest.net,Male,141.173.133.247
73,Francois,Ivanuschka,fivanuschka20@state.tx.us,Male,212.234.244.241
74,Erminie,Schenfisch,eschenfisch21@myspace.com,Female,202.181.232.2
75,Meredeth,Lavrinov,mlavrinov22@imdb.com,Non-binary,21.160.58.174
76,Amandie,Lemin,alemin23@usda.gov,Female,96.218.119.54
77,Tedra,Reece,treece24@webeden.co.uk,Female,167.58.219.174
78,Addia,Jozsef,ajozsef25@state.gov,Female,180.210.97.160
79,Pierce,Paradis,pparadis26@who.int,Male,179.225.182.82
80,Berget,Grimsdith,bgrimsdith27@howstuffworks.com,Female,15.143.77.222
81,Yolane,Hutchason,yhutchason28@amazon.de,Female,87.7.111.77
82,Averell,Sandhill,asandhill29@globo.com,Male,92.184.99.17
83,Petronia,Kinder,pkinder2a@wikia.com,Female,205.151.97.243
84,Georges,Planque,gplanque2b@myspace.com,Male,41.146.26.132
85,Alisa,Askwith,aaskwith2c@php.net,Female,88.129.74.145
86,Berkly,Ends,bends2d@oaic.gov.au,Male,164.213.174.5
87,Kipp,Fritschmann,kfritschmann2e@theglobeandmail.com,Male,71.208.102.192
88,Clarinda,Mattityahou,cmattityahou2f@japanpost.jp,Bigender,208.208.208.180
89,Ximenes,Kinkead,xkinkead2g@nih.gov,Male,106.152.153.143
90,Willabella,Hriinchenko,whriinchenko2h@com.com,Female,12.7.103.48
91,Evita,Crankshaw,ecrankshaw2i@oakley.com,Female,192.168.22.211
92,Yul,Bloxsome,ybloxsome2j@google.de,Male,134.164.47.120
93,Russ,Stearndale,rstearndale2k@cafepress.com,Male,29.98.172.69
94,Angelina,Brecken,abrecken2l@clickbank.net,Female,227.90.192.174
95,Debor,Jacombs,djacombs2m@tiny.cc,Female,55.166.72.163
96,Petronia,Creeboe,pcreeboe2n@walmart.com,Female,34.189.122.21
97,Marco,Steeden,msteeden2o@woothemes.com,Male,172.72.128.106
98,Doralyn,Entissle,dentissle2p@elpais.com,Female,97.167.217.209
99,Gill,Cackett,gcackett2q@japanpost.jp,Male,206.89.249.245
100,Marty,D'Acth,mdacth2r@illinois.edu,Female,164.76.153.49
101,Robb,Rolfe,rrolfe2s@github.com,Male,149.125.93.149
102,Muire,Stearne,mstearne2t@pcworld.com,Genderfluid,78.75.132.63
103,Morry,Preene,mpreene2u@theglobeandmail.com,Male,108.255.226.75
104,Antonino,Feedham,afeedham2v@php.net,Male,95.80.174.185
105,Kris,Salazar,ksalazar2w@tamu.edu,Male,122.202.108.210
106,Dew,Storcke,dstorcke2x@webs.com,Male,152.44.67.253
107,Claire,Fehners,cfehners2y@jimdo.com,Female,20.108.120.131
108,Mala,Hilldrup,mhilldrup2z@dropbox.com,Female,50.92.35.196
109,Mirabelle,Drinkhill,mdrinkhill30@about.com,Female,151.161.41.17
110,Natka,Windybank,nwindybank31@bing.com,Female,6.68.69.66
111,Erinna,Bourley,ebourley32@amazon.com,Female,10.152.216.26
112,Barnebas,Dudden,bdudden33@unc.edu,Male,231.39.9.64
113,Alanna,Jaine,ajaine34@time.com,Female,14.59.243.248
114,Gilberta,Niemiec,gniemiec35@geocities.jp,Female,131.251.211.21
115,Shurwood,Moy,smoy36@feedburner.com,Male,117.186.185.104
116,Alissa,Worsnup,aworsnup37@mashable.com,Female,36.24.194.145
117,Mikol,Kobelt,mkobelt38@disqus.com,Male,219.11.185.237
118,Helyn,Insoll,hinsoll39@opensource.org,Female,202.222.27.60
119,Austen,Uccelli,auccelli3a@weather.com,Male,151.28.12.155
120,Lesli,Murty,lmurty3b@list-manage.com,Female,49.0.225.21
121,Rubina,Mickleburgh,rmickleburgh3c@mlb.com,Female,57.31.233.137
122,Nell,Crux,ncrux3d@hhs.gov,Female,195.17.16.33
123,Bliss,Issacof,bissacof3e@tripadvisor.com,Female,149.161.177.171
124,Lillis,Mapledoore,lmapledoore3f@google.co.uk,Female,176.64.134.88
125,Nils,Caldwell,ncaldwell3g@vistaprint.com,Male,68.2.51.181
126,Shea,Sneath,ssneath3h@icio.us,Male,7.107.98.251
127,Caritta,Cruikshank,ccruikshank3i@ebay.com,Female,201.133.140.170
128,Mara,Nobriga,mnobriga3j@cornell.edu,Female,76.195.102.103
129,Paula,Barday,pbarday3k@ucla.edu,Female,117.6.192.120
130,Galen,Durgan,gdurgan3l@oaic.gov.au,Male,249.133.70.234
131,Chet,Holhouse,cholhouse3m@wikipedia.org,Male,202.162.133.140
132,Wynne,Goodricke,wgoodricke3n@pen.io,Female,242.10.153.48
133,Marguerite,Talby,mtalby3o@intel.com,Female,245.250.179.151
134,Hedi,Gough,hgough3p@wordpress.org,Female,100.182.201.216
135,Lisa,Wrigglesworth,lwrigglesworth3q@pen.io,Female,104.52.60.216
136,Farris,Lamers,flamers3r@ehow.com,Male,132.220.247.28
137,Alvy,Huccaby,ahuccaby3s@engadget.com,Male,138.161.236.151
138,Glenden,Mulles,gmulles3t@slashdot.org,Bigender,189.191.167.117
139,Eb,Titta,etitta3u@homestead.com,Male,14.63.163.113
140,Tamas,M'Barron,tmbarron3v@elegantthemes.com,Male,150.249.122.104
141,Juliann,Skep,jskep3w@yandex.ru,Female,106.96.139.245
142,Jamesy,Oattes,joattes3x@huffingtonpost.com,Male,85.248.182.230
143,Karlan,Crone,kcrone3y@hexun.com,Male,1.147.126.45
144,Avigdor,Paulack,apaulack3z@weather.com,Male,242.249.128.103
145,Silvan,Trunkfield,strunkfield40@accuweather.com,Male,87.57.188.185
146,Barclay,Fernier,bfernier41@illinois.edu,Male,81.237.132.146
147,Elli,Petters,epetters42@spotify.com,Female,64.131.227.43
148,Elmira,Charge,echarge43@freewebs.com,Female,180.247.125.11
149,Bobbe,Queen,bqueen44@blinklist.com,Female,217.156.124.101
150,Janeen,Hazeltine,jhazeltine45@barnesandnoble.com,Female,82.4.151.154
151,Lorianna,Hartin,lhartin46@forbes.com,Female,82.125.135.107
152,Alwin,Dyne,adyne47@blinklist.com,Male,3.173.199.206
153,Spencer,Colwell,scolwell48@cargocollective.com,Male,182.49.27.96
154,Gherardo,Snyder,gsnyder49@google.com.br,Male,30.38.30.235
155,Agnesse,Leipnik,aleipnik4a@example.com,Female,212.177.101.72
156,Abe,Briamo,abriamo4b@pcworld.com,Male,63.7.179.207
157,Hughie,McGahey,hmcgahey4c@e-recht24.de,Male,179.198.244.39
158,Bram,Mound,bmound4d@ycombinator.com,Male,243.235.249.72
159,Bibbie,Larderot,blarderot4e@creativecommons.org,Female,75.139.134.182
160,Hollyanne,De Coursey,hdecoursey4f@hc360.com,Female,178.150.47.197
161,Bettye,Yatman,byatman4g@google.fr,Female,28.61.0.214
162,Carlye,Briscoe,cbriscoe4h@marketwatch.com,Female,99.185.131.160
163,Sondra,Mayhead,smayhead4i@paginegialle.it,Female,34.224.253.4
164,Dasya,Benini,dbenini4j@alibaba.com,Polygender,28.7.224.94
165,Terri,Cicchelli,tcicchelli4k@baidu.com,Male,203.226.204.128
166,Erena,Imesson,eimesson4l@ihg.com,Female,184.212.81.157
167,Leshia,Milstead,lmilstead4m@virginia.edu,Female,27.77.184.166
168,Burlie,Bumphries,bbumphries4n@hibu.com,Genderqueer,79.139.33.177
169,Urbanus,Kimmins,ukimmins4o@aboutads.info,Male,89.109.153.242
170,Tallie,Woodstock,twoodstock4p@bbb.org,Female,186.167.63.138
171,Gearalt,Koppes,gkoppes4q@cafepress.com,Male,152.72.88.219
172,Sansone,Gallifont,sgallifont4r@booking.com,Male,142.146.78.169
173,Dalila,Osanne,dosanne4s@digg.com,Female,231.132.144.36
174,Darrick,Boscott,dboscott4t@weibo.com,Male,5.242.173.119
175,Ainsley,Dinse,adinse4u@youtu.be,Female,197.164.23.166
176,Renie,Sahnow,rsahnow4v@fda.gov,Female,150.40.238.5
177,Domenico,Meachen,dmeachen4w@msn.com,Male,212.182.77.142
178,Kimberley,Painten,kpainten4x@paypal.com,Female,144.156.78.180
179,Clementina,Peeter,cpeeter4y@usnews.com,Female,61.214.130.71
180,Salomo,Mannock,smannock4z@oaic.gov.au,Male,172.36.206.21
181,Bonnibelle,Castan,bcastan50@oaic.gov.au,Female,154.9.39.150
182,Henryetta,Piet,hpiet51@bigcartel.com,Female,178.235.182.76
183,Malvin,Oldaker,moldaker52@dot.gov,Male,244.203.35.247
184,Harmony,Ogborne,hogborne53@wufoo.com,Female,213.254.227.143
185,Richardo,Louca,rlouca54@reference.com,Male,98.89.104.15
186,Nessi,Sigfrid,nsigfrid55@tripod.com,Female,42.85.108.46
187,Ebony,Klosterman,eklosterman56@discuz.net,Female,185.72.182.128
188,Gaelan,Wybrew,gwybrew57@cloudflare.com,Male,10.244.122.141
189,Wanda,Sully,wsully58@ustream.tv,Female,209.65.210.223
190,Maxie,Hindhaugh,mhindhaugh59@google.es,Male,53.58.152.191
191,Ceil,Evett,cevett5a@examiner.com,Female,41.204.179.238
192,Douglass,Dymick,ddymick5b@yellowbook.com,Male,102.22.197.160
193,Kally,Halle,khalle5c@forbes.com,Female,85.103.136.88
194,Levon,Kurdani,lkurdani5d@telegraph.co.uk,Male,79.64.80.132
195,Mair,Swateridge,mswateridge5e@squidoo.com,Female,113.189.27.3
196,Welby,Parsonage,wparsonage5f@vistaprint.com,Male,64.216.60.110
197,Rosanne,Bosse,rbosse5g@reddit.com,Female,125.228.30.88
198,Jules,Loudwell,jloudwell5h@hatena.ne.jp,Male,118.106.212.48
199,Shaylyn,Spier,sspier5i@odnoklassniki.ru,Female,211.44.192.223
200,Bartolemo,Prettejohns,bprettejohns5j@dropbox.com,Genderfluid,232.141.135.34
201,Yehudit,Artin,yartin5k@ox.ac.uk,Male,255.244.104.156
202,Valli,Keri,vkeri5l@webmd.com,Female,174.246.43.178
203,Creighton,Padmore,cpadmore5m@ox.ac.uk,Male,47.150.138.44
204,Ambur,Teager,ateager5n@ucoz.com,Female,236.69.255.40
205,Desmond,Debill,ddebill5o@lycos.com,Male,130.91.124.30
206,Gaylor,Huddlestone,ghuddlestone5p@hugedomains.com,Male,61.150.67.61
207,Dana,Merrin,dmerrin5q@pcworld.com,Female,115.35.9.83
208,Man,Lightwood,mlightwood5r@istockphoto.com,Male,176.183.38.79
209,Alia,Jakeway,ajakeway5s@columbia.edu,Female,192.2.96.242
210,Friedrich,Segoe,fsegoe5t@shareasale.com,Male,97.50.146.51
211,Leopold,Finneran,lfinneran5u@liveinternet.ru,Male,64.21.249.40
212,Shawn,Altamirano,saltamirano5v@cpanel.net,Female,146.120.215.246
213,Vanya,Pacht,vpacht5w@w3.org,Female,144.193.16.64
214,Trenna,Baudouin,tbaudouin5x@mac.com,Female,158.125.52.180
215,Saunderson,Artist,sartist5y@washington.edu,Male,207.99.171.1
216,Euell,Allridge,eallridge5z@uiuc.edu,Male,170.253.110.38
217,Derry,Byrth,dbyrth60@apple.com,Male,27.230.18.107
218,Mickie,Grevel,mgrevel61@webs.com,Female,75.173.106.216
219,Inger,Rabat,irabat62@rediff.com,Male,92.202.134.134
220,Gan,Stoodale,gstoodale63@cpanel.net,Male,54.109.85.41
221,Grissel,Garrould,ggarrould64@amazon.co.jp,Female,135.124.18.39
222,Gael,Rosendale,grosendale65@t.co,Male,239.224.48.186
223,Elka,Chung,echung66@omniture.com,Female,5.124.190.169
224,Tulley,Frazer,tfrazer67@shareasale.com,Male,79.49.217.39
225,Jereme,Hutsby,jhutsby68@boston.com,Polygender,254.13.57.114
226,Opal,Presnail,opresnail69@slate.com,Female,238.52.94.30
227,Karrah,Bourdis,kbourdis6a@examiner.com,Bigender,39.81.84.24
228,Hermia,Portch,hportch6b@goodreads.com,Female,51.254.4.99
229,Syd,Bostick,sbostick6c@deliciousdays.com,Male,215.60.164.28
230,Kare,Fillgate,kfillgate6d@infoseek.co.jp,Female,141.35.184.102
231,Albrecht,Daldry,adaldry6e@rambler.ru,Male,59.28.189.85
232,Elysha,Brittain,ebrittain6f@abc.net.au,Female,195.107.45.225
233,Tommy,Glasner,tglasner6g@whitehouse.gov,Male,114.33.85.202
234,Taylor,Geely,tgeely6h@shop-pro.jp,Male,118.246.101.163
235,Adrian,Brougham,abrougham6i@slideshare.net,Female,15.115.101.196
236,Yuma,Wetherhead,ywetherhead6j@ow.ly,Male,247.90.237.240
237,Karney,Kleisel,kkleisel6k@microsoft.com,Male,97.24.168.88
238,Whitby,Dallin,wdallin6l@odnoklassniki.ru,Male,171.19.122.83
239,Fred,Greenier,fgreenier6m@live.com,Female,253.67.99.176
240,Dalton,Cristofvao,dcristofvao6n@nsw.gov.au,Male,71.57.230.52
241,Kelsi,Trowell,ktrowell6o@arstechnica.com,Female,83.134.53.250
242,Bar,Morshead,bmorshead6p@soundcloud.com,Bigender,150.199.148.241
243,Garland,Demonge,gdemonge6q@php.net,Female,174.49.42.15
244,Hollyanne,Threadgill,hthreadgill6r@unesco.org,Female,180.25.61.36
245,Prentice,Dilland,pdilland6s@state.gov,Male,112.82.74.86
246,Gretchen,Mourgue,gmourgue6t@sbwire.com,Female,157.187.147.36
247,Bernard,O'Suaird,bosuaird6u@rakuten.co.jp,Male,162.140.91.91
248,Jaquith,MacKeogh,jmackeogh6v@yellowpages.com,Female,115.44.144.86
249,Nefen,Nutley,nnutley6w@elegantthemes.com,Male,141.23.207.222
250,Angelia,Cobbledick,acobbledick6x@tinyurl.com,Female,123.148.210.134
251,Melisenda,Chamberlain,mchamberlain6y@mashable.com,Female,88.135.164.144
252,Mindy,Potell,mpotell6z@statcounter.com,Genderqueer,109.54.176.48
253,Marcel,Bettaney,mbettaney70@yelp.com,Male,254.124.23.108
254,Cathrine,Christophle,cchristophle71@blogspot.com,Female,8.155.14.12
255,Pieter,Lascelles,plascelles72@wufoo.com,Bigender,131.66.226.208
256,William,Brosi,wbrosi73@youku.com,Male,232.121.118.142
257,Neddy,Sibun,nsibun74@reference.com,Male,95.109.163.50
258,Jacquelin,Dewdney,jdewdney75@aboutads.info,Female,19.105.147.239
259,Mira,Franciotti,mfranciotti76@mapy.cz,Female,252.89.54.122
260,Clare,Di Domenico,cdidomenico77@cbslocal.com,Male,209.12.217.251
261,Mickey,Goldthorpe,mgoldthorpe78@reverbnation.com,Male,24.157.109.255
262,Leslie,Epp,lepp79@exblog.jp,Female,165.12.18.53
263,Mychal,Drewell,mdrewell7a@pcworld.com,Male,35.121.244.142
264,Gilberto,Askaw,gaskaw7b@vimeo.com,Male,161.134.129.195
265,Alfons,Karlqvist,akarlqvist7c@businessinsider.com,Male,241.66.208.106
266,Ryley,Gimeno,rgimeno7d@nature.com,Male,99.238.11.43
267,Audy,Joynes,ajoynes7e@g.co,Agender,250.49.51.165
268,Quintana,Bogey,qbogey7f@newsvine.com,Female,136.22.143.182
269,Chandal,Yanshinov,cyanshinov7g@umn.edu,Female,163.152.4.252
270,Doralynn,Saulter,dsaulter7h@pinterest.com,Female,207.138.118.221
271,Patric,Maccari,pmaccari7i@squidoo.com,Male,68.14.155.66
272,Randall,Dorey,rdorey7j@cbc.ca,Male,58.232.151.156
273,Brandon,Orriss,borriss7k@columbia.edu,Male,202.121.9.5
274,Dionysus,Penquet,dpenquet7l@newsvine.com,Male,145.209.150.66
275,Danila,Kase,dkase7m@dailymail.co.uk,Female,50.176.167.244
276,Corey,Dandison,cdandison7n@plala.or.jp,Agender,189.46.70.15
277,Nance,Tribe,ntribe7o@smugmug.com,Female,4.55.8.137
278,Octavia,Bage,obage7p@people.com.cn,Female,158.195.211.30
279,Arlee,Mauditt,amauditt7q@ezinearticles.com,Female,61.32.144.193
280,Jameson,Rapper,jrapper7r@etsy.com,Genderfluid,123.137.186.133
281,Alan,Trousdell,atrousdell7s@163.com,Male,63.78.46.141
282,Robbin,Emanuele,remanuele7t@topsy.com,Female,14.124.160.34
283,Clementia,Ert,cert7u@about.com,Female,69.94.218.19
284,Barbara,Wale,bwale7v@admin.ch,Female,228.71.10.74
285,Bethena,Giral,bgiral7w@w3.org,Female,193.56.167.217
286,Bette-ann,Sidworth,bsidworth7x@utexas.edu,Female,207.208.249.238
287,Jae,Tack,jtack7y@comsenz.com,Male,248.224.16.111
288,Andromache,Swanborough,aswanborough7z@dot.gov,Female,148.73.136.155
289,Julio,Olifard,jolifard80@mayoclinic.com,Male,231.8.177.68
290,Quill,Matzel,qmatzel81@google.com,Male,182.100.254.47
291,Marcello,Geater,mgeater82@altervista.org,Male,112.11.78.110
292,Mellisa,Gashion,mgashion83@cnn.com,Female,94.134.67.176
293,Rheta,Anwell,ranwell84@ycombinator.com,Female,173.163.158.131
294,Emalee,Stitt,estitt85@rediff.com,Female,195.110.46.111
295,Deanne,Monkhouse,dmonkhouse86@tinyurl.com,Female,166.20.81.239
296,Lola,Pidwell,lpidwell87@wordpress.org,Female,180.98.188.207
297,Alisun,Lovie,alovie88@dropbox.com,Female,207.72.137.69
298,Brita,Witchalls,bwitchalls89@hibu.com,Female,231.79.155.138
299,Arlan,Cahan,acahan8a@oaic.gov.au,Male,7.111.151.83
300,Kendra,Yanuk,kyanuk8b@naver.com,Genderqueer,104.203.53.153
301,Ardath,Adan,aadan8c@diigo.com,Female,173.98.62.113
302,Ariadne,Ruthen,aruthen8d@ycombinator.com,Female,12.18.65.237
303,Ara,Merrikin,amerrikin8e@hatena.ne.jp,Female,216.238.182.228
304,Giuditta,Spuner,gspuner8f@newsvine.com,Female,31.184.164.127
305,Olwen,Dodshon,ododshon8g@pen.io,Female,119.88.227.50
306,Gael,Madre,gmadre8h@jimdo.com,Female,120.244.243.84
307,Huntlee,Kleimt,hkleimt8i@angelfire.com,Male,84.35.130.1
308,Rosalind,Prowse,rprowse8j@technorati.com,Female,117.139.60.147
309,Raf,Southwell,rsouthwell8k@spiegel.de,Female,237.159.82.173
310,Mallory,Cavee,mcavee8l@simplemachines.org,Female,118.226.31.120
311,Mel,Snailham,msnailham8m@newsvine.com,Female,143.75.226.191
312,Merv,McGrann,mmcgrann8n@bbb.org,Male,137.112.207.209
313,Anatol,Sommerled,asommerled8o@photobucket.com,Genderqueer,183.189.122.94
314,Eilis,Ber,eber8p@chicagotribune.com,Bigender,90.44.103.147
315,Micah,Rogliero,mrogliero8q@telegraph.co.uk,Male,92.203.162.77
316,Larisa,Gaze,lgaze8r@com.com,Female,106.129.141.67
317,Alix,Glentworth,aglentworth8s@gov.uk,Female,122.188.111.0
318,Cobb,Charlton,ccharlton8t@elegantthemes.com,Male,15.85.0.23
319,Bernie,Eadmeades,beadmeades8u@istockphoto.com,Male,75.116.193.134
320,Danella,Stanley,dstanley8v@rediff.com,Female,246.176.247.0
321,Eulalie,Jordin,ejordin8w@rambler.ru,Non-binary,207.59.232.220
322,Ive,Geggie,igeggie8x@scientificamerican.com,Male,56.161.204.160
323,Alexia,Jermey,ajermey8y@furl.net,Female,218.87.115.17
324,Erna,Castles,ecastles8z@nymag.com,Female,254.121.230.130
325,Roland,Hansberry,rhansberry90@jugem.jp,Male,65.10.82.19
326,Salim,Pinch,spinch91@hud.gov,Male,129.175.44.88
327,Hermie,Fearenside,hfearenside92@digg.com,Male,154.126.115.191
328,Kristoforo,Harries,kharries93@typepad.com,Genderqueer,119.1.253.77
329,Shanan,Applegarth,sapplegarth94@nature.com,Genderfluid,186.54.176.246
330,Jobey,Bladesmith,jbladesmith95@squidoo.com,Female,119.62.57.77
331,Beatrix,Van Hove,bvanhove96@senate.gov,Female,121.61.66.100
332,Claude,Churchlow,cchurchlow97@hc360.com,Female,195.251.185.212
333,Adolphe,Yanshonok,ayanshonok98@constantcontact.com,Male,111.146.207.119
334,Leigh,Streeten,lstreeten99@npr.org,Genderqueer,61.255.141.50
335,Neddy,Gledhall,ngledhall9a@simplemachines.org,Non-binary,109.72.110.28
336,Giffer,Croisdall,gcroisdall9b@wikimedia.org,Male,83.7.186.23
337,Amory,Jovey,ajovey9c@webnode.com,Male,3.183.7.135
338,Monty,Markovic,mmarkovic9d@msn.com,Male,209.197.37.159
339,Filberto,Malpass,fmalpass9e@spotify.com,Male,70.25.113.239
340,Lorrin,Tramel,ltramel9f@macromedia.com,Female,108.170.200.189
341,Dulcy,Humm,dhumm9g@issuu.com,Female,158.220.137.57
342,Bettine,Saulter,bsaulter9h@discovery.com,Female,175.157.42.135
343,Martie,Crippill,mcrippill9i@engadget.com,Male,23.135.48.50
344,Winnie,Philipps,wphilipps9j@salon.com,Male,244.67.223.238
345,Yovonnda,Semorad,ysemorad9k@google.com.au,Female,229.120.185.224
346,Valentine,Kohneke,vkohneke9l@gnu.org,Male,60.39.100.245
347,Marv,Domnick,mdomnick9m@newsvine.com,Male,73.170.22.32
348,Crysta,Ollerhead,collerhead9n@deviantart.com,Female,118.94.106.228
349,Bibbie,Tunn,btunn9o@hao123.com,Female,80.206.227.211
350,Pavia,Wesson,pwesson9p@yolasite.com,Female,197.97.126.12
351,Lisabeth,Murrow,lmurrow9q@toplist.cz,Female,32.149.138.234
352,Haily,Skeermer,hskeermer9r@seattletimes.com,Female,148.165.255.88
353,Frasier,Witheford,fwitheford9s@mtv.com,Genderfluid,84.61.19.247
354,Winston,Sibun,wsibun9t@cbc.ca,Male,63.186.42.248
355,Lois,Hofer,lhofer9u@netvibes.com,Female,60.65.221.93
356,Avram,Kurt,akurt9v@dagondesign.com,Male,23.4.106.73
357,Riobard,Gosling,rgosling9w@time.com,Male,124.76.215.105
358,Kristel,Windless,kwindless9x@cnbc.com,Female,96.5.184.201
359,Vevay,Simco,vsimco9y@spiegel.de,Genderqueer,119.85.238.66
360,Malvina,de Broke,mdebroke9z@people.com.cn,Female,96.56.42.34
361,Rodrique,Arnett,rarnetta0@dagondesign.com,Male,0.208.204.190
362,Benedick,Kneath,bkneatha1@bloomberg.com,Male,118.52.155.65
363,Gus,Hoodless,ghoodlessa2@skype.com,Female,194.111.246.158
364,Frankie,Duckels,fduckelsa3@ebay.co.uk,Female,40.24.72.82
365,Dolores,Worner,dwornera4@freewebs.com,Female,53.227.187.151
366,Hilliary,Hallgate,hhallgatea5@mayoclinic.com,Female,161.159.218.233
367,Ilsa,Patterson,ipattersona6@cbsnews.com,Female,174.46.198.187
368,Maible,Summons,msummonsa7@nyu.edu,Female,64.198.58.32
369,Jewell,Cordet,jcordeta8@hatena.ne.jp,Female,216.238.225.203
370,Saw,Endicott,sendicotta9@abc.net.au,Male,40.237.72.152
371,Araldo,Kunze,akunzeaa@last.fm,Male,5.129.39.12
372,Emmett,Winnett,ewinnettab@about.com,Male,142.246.95.124
373,Bernelle,Grass,bgrassac@umn.edu,Female,94.137.251.176
374,Valma,Pedrocchi,vpedrocchiad@mapy.cz,Bigender,161.118.86.90
375,Geraldine,Dessant,gdessantae@ftc.gov,Female,162.0.193.72
376,Cornelius,Skylett,cskylettaf@ezinearticles.com,Male,216.89.174.173
377,Demetris,Mapes,dmapesag@kickstarter.com,Male,246.203.193.65
378,Arabele,May,amayah@jugem.jp,Female,24.127.173.121
379,Hersh,McFetridge,hmcfetridgeai@discuz.net,Male,173.81.252.214
380,Alexandros,Cressy,acressyaj@shinystat.com,Male,227.1.133.114
381,Susan,Checklin,schecklinak@webmd.com,Female,230.124.29.252
382,Del,Lemar,dlemaral@noaa.gov,Polygender,125.61.44.97
383,Kingsly,Rissom,krissomam@state.gov,Male,85.169.240.193
384,Gard,Cattow,gcattowan@java.com,Male,213.35.197.25
385,Kelvin,Bingley,kbingleyao@mapy.cz,Male,246.86.34.165
386,Kelcie,Coveny,kcovenyap@reverbnation.com,Female,101.231.207.236
387,Finlay,Hackin,fhackinaq@360.cn,Male,183.235.5.98
388,Leopold,Linham,llinhamar@dagondesign.com,Male,180.98.187.255
389,Abner,Lapthorne,alapthorneas@youtu.be,Male,240.243.44.133
390,Sonni,Lovewell,slovewellat@i2i.jp,Female,178.63.99.8
391,Darsey,Tulleth,dtullethau@columbia.edu,Female,22.137.202.53
392,Shea,Deshon,sdeshonav@bloglines.com,Female,0.176.228.14
393,Sheff,Scamp,sscampaw@cnet.com,Male,235.217.157.107
394,Ludvig,Fetter,lfetterax@wired.com,Male,99.227.248.32
395,Rolf,Loble,rlobleay@github.io,Male,246.244.139.135
396,Gaye,Tewkesbury.,gtewkesburyaz@barnesandnoble.com,Agender,237.102.35.131
397,Koral,Ouslem,kouslemb0@rediff.com,Female,185.156.85.196
398,Shellysheldon,Stennard,sstennardb1@parallels.com,Male,147.80.134.229
399,Sophey,Fayter,sfayterb2@time.com,Female,220.23.81.222
400,Gnni,Curgenuer,gcurgenuerb3@foxnews.com,Female,205.191.1.53
401,Keven,Grimsell,kgrimsellb4@house.gov,Male,191.122.39.66
402,Fanchon,Garfield,fgarfieldb5@ed.gov,Female,248.205.42.237
403,Neall,Strudwick,nstrudwickb6@reuters.com,Male,224.205.21.192
404,Rustie,MacGiffin,rmacgiffinb7@msn.com,Male,117.146.21.239
405,Lianne,Downs,ldownsb8@mediafire.com,Female,81.68.87.172
406,Karilynn,Clardge,kclardgeb9@miitbeian.gov.cn,Female,124.51.36.201
407,Cathie,Picardo,cpicardoba@gizmodo.com,Female,110.178.92.147
408,Minnie,Heyball,mheyballbb@hc360.com,Genderfluid,75.132.60.53
409,Karlan,Gurney,kgurneybc@tripadvisor.com,Male,153.37.152.41
410,Orland,Koppe,okoppebd@slideshare.net,Male,68.245.121.153
411,Ruperta,Shouler,rshoulerbe@si.edu,Female,246.166.87.127
412,Quill,Jeyness,qjeynessbf@ask.com,Male,47.29.206.1
413,Dulci,Arpe,darpebg@hud.gov,Female,213.187.32.106
414,Neddy,Burgon,nburgonbh@arizona.edu,Male,182.238.17.49
415,Gill,Guerin,gguerinbi@army.mil,Male,194.116.157.67
416,Lenka,Fluck,lfluckbj@facebook.com,Female,112.4.239.247
417,Katharyn,Bealing,kbealingbk@craigslist.org,Female,26.92.202.28
418,Octavia,Couvert,ocouvertbl@nsw.gov.au,Female,190.9.55.90
419,Kelvin,Duffyn,kduffynbm@sciencedaily.com,Male,166.28.233.76
420,Mohandis,Vennings,mvenningsbn@wikispaces.com,Male,97.8.150.192
421,Bianka,Bulfoy,bbulfoybo@myspace.com,Female,134.233.135.141
422,Rebe,Walesby,rwalesbybp@angelfire.com,Non-binary,192.255.143.205
423,Alix,Atcock,aatcockbq@google.com.hk,Bigender,2.77.21.227
424,Tirrell,Tittershill,ttittershillbr@miibeian.gov.cn,Male,160.11.242.220
425,Nevile,Vertigan,nvertiganbs@indiatimes.com,Male,161.93.190.113
426,Troy,Sterricks,tsterricksbt@senate.gov,Male,176.43.124.1
427,Bendix,Brosch,bbroschbu@nih.gov,Male,247.155.251.29
428,Karrah,Cossentine,kcossentinebv@ca.gov,Female,209.233.83.253
429,Ciro,Grimsley,cgrimsleybw@geocities.jp,Non-binary,149.152.139.158
430,Corinna,Wendover,cwendoverbx@google.cn,Female,88.163.81.250
431,Melania,Gilhoolie,mgilhoolieby@youtu.be,Polygender,60.35.134.3
432,Giselbert,McKerley,gmckerleybz@parallels.com,Bigender,174.8.228.152
433,Allie,Capener,acapenerc0@wordpress.org,Agender,124.238.174.224
434,Ryley,Molnar,rmolnarc1@bloglovin.com,Male,252.91.72.101
435,Odo,Brabon,obrabonc2@taobao.com,Genderfluid,238.220.183.191
436,Drake,Bunnell,dbunnellc3@ocn.ne.jp,Male,202.208.123.167
437,Dareen,Taylorson,dtaylorsonc4@wix.com,Female,251.92.11.254
438,Ricki,Veal,rvealc5@mail.ru,Male,10.112.73.55
439,West,Elintune,welintunec6@mayoclinic.com,Male,237.85.52.44
440,Neill,Sommerton,nsommertonc7@howstuffworks.com,Male,58.44.118.149
441,Tamma,Birkett,tbirkettc8@phpbb.com,Female,45.235.72.175
442,Scotti,Curedell,scuredellc9@samsung.com,Male,165.24.72.241
443,Agnola,Bowe,aboweca@de.vu,Female,225.48.187.213
444,Sena,Gerrens,sgerrenscb@upenn.edu,Female,36.15.120.36
445,Timmy,Huygens,thuygenscc@storify.com,Female,53.64.113.92
446,Lamond,Treadgall,ltreadgallcd@ow.ly,Male,212.115.42.74
447,Dalia,Widdison,dwiddisonce@timesonline.co.uk,Female,217.71.145.181
448,Lucienne,Biscomb,lbiscombcf@altervista.org,Female,30.136.108.107
449,Emlyn,Norwood,enorwoodcg@yahoo.com,Non-binary,239.26.120.155
450,Constantine,Ryott,cryottch@scientificamerican.com,Female,45.3.15.21
451,Florella,Dagger,fdaggerci@answers.com,Female,97.5.173.69
452,Alfreda,Bew,abewcj@people.com.cn,Female,117.222.208.41
453,Dante,Blowfield,dblowfieldck@mayoclinic.com,Male,246.91.10.124
454,Lara,Mucklo,lmucklocl@nba.com,Female,20.61.243.36
455,Yehudi,Renshaw,yrenshawcm@naver.com,Male,199.68.10.90
456,Lissa,Middleweek,lmiddleweekcn@netscape.com,Female,69.200.77.81
457,Melly,McMurrugh,mmcmurrughco@adobe.com,Female,38.82.225.79
458,Farleigh,Trout,ftroutcp@dropbox.com,Genderfluid,84.166.138.51
459,Jessalyn,Cantera,jcanteracq@cdc.gov,Female,197.149.6.182
460,Bendicty,Elton,beltoncr@ibm.com,Male,167.84.222.162
461,Beck,Yosifov,byosifovcs@artisteer.com,Genderqueer,254.22.67.24
462,Alon,Doodson,adoodsonct@qq.com,Male,111.230.241.172
463,Caldwell,Holah,cholahcu@tripod.com,Male,64.225.50.206
464,Reggy,Whyberd,rwhyberdcv@ocn.ne.jp,Male,98.93.241.104
465,Marji,Oneil,moneilcw@discuz.net,Female,182.141.232.137
466,Vachel,Snoxell,vsnoxellcx@jalbum.net,Male,172.230.201.46
467,Wells,Poppleston,wpopplestoncy@tiny.cc,Male,0.201.182.150
468,Kelsey,McWhannel,kmcwhannelcz@imdb.com,Genderqueer,64.220.107.177
469,Si,Alphonso,salphonsod0@nba.com,Male,96.35.220.229
470,Kath,Westmoreland,kwestmorelandd1@eepurl.com,Non-binary,110.55.50.77
471,Ashil,Fust,afustd2@unesco.org,Polygender,247.9.34.224
472,Regen,Pierson,rpiersond3@springer.com,Male,69.202.29.154
473,Dita,Whetnell,dwhetnelld4@posterous.com,Genderqueer,33.144.86.151
474,Lindsy,Gherarducci,lgherarduccid5@prweb.com,Female,195.247.59.56
475,Karlens,Tincombe,ktincombed6@hexun.com,Male,22.252.66.107
476,Allyce,Soden,asodend7@last.fm,Female,255.57.219.237
477,Loren,Izatt,lizattd8@kickstarter.com,Male,110.244.85.139
478,Riva,Sheircliffe,rsheircliffed9@symantec.com,Female,218.42.189.60
479,Martino,Littleover,mlittleoverda@so-net.ne.jp,Polygender,169.6.31.10
480,Alard,Kilgallen,akilgallendb@cornell.edu,Male,97.181.175.197
481,Dyane,Huggons,dhuggonsdc@blog.com,Female,125.130.248.1
482,Daveta,Kissock,dkissockdd@posterous.com,Female,103.12.131.191
483,Harald,Magnar,hmagnarde@ustream.tv,Agender,188.102.125.44
484,Moselle,Beams,mbeamsdf@shutterfly.com,Female,32.116.252.45
485,Jedidiah,Pashba,jpashbadg@exblog.jp,Male,152.6.209.201
486,Arman,Fussie,afussiedh@eventbrite.com,Male,153.99.7.24
487,Rania,Maurice,rmauricedi@usda.gov,Polygender,70.60.74.156
488,Annis,Elkins,aelkinsdj@java.com,Female,251.5.213.96
489,Hobart,Medcalfe,hmedcalfedk@japanpost.jp,Male,189.58.231.173
490,Standford,Hopfer,shopferdl@ehow.com,Male,8.164.5.108
491,Lucius,Garlick,lgarlickdm@hugedomains.com,Male,37.247.127.132
492,Ozzy,Simyson,osimysondn@va.gov,Male,17.246.111.98
493,Margeaux,Shackelton,mshackeltondo@pen.io,Female,87.17.150.156
494,Chrisse,Ethridge,cethridgedp@clickbank.net,Bigender,80.106.190.10
495,Dorri,Enderlein,denderleindq@apache.org,Female,13.101.216.155
496,Mathe,Lutman,mlutmandr@opera.com,Male,168.88.107.234
497,Reinald,Beisley,rbeisleyds@fastcompany.com,Male,201.54.19.118
498,Gwen,Navaro,gnavarodt@nhs.uk,Female,107.68.107.189
499,Jaime,Skipsey,jskipseydu@bigcartel.com,Male,230.202.128.10
500,Whitaker,Vanni,wvannidv@cbslocal.com,Male,132.0.242.168
501,Kaiser,Umpleby,kumplebydw@cdbaby.com,Male,237.208.175.17
502,Fee,Osgodby,fosgodbydx@cafepress.com,Male,237.100.71.87
503,Ruthann,Gerriets,rgerrietsdy@nhs.uk,Female,33.158.40.26
504,Currey,Bradshaw,cbradshawdz@chicagotribune.com,Male,204.235.247.122
505,Kimball,Cropton,kcroptone0@nature.com,Male,169.215.60.151
506,Leshia,Duester,lduestere1@amazonaws.com,Agender,253.100.25.24
507,Dulcia,Renzini,drenzinie2@senate.gov,Polygender,235.126.130.118
508,Winona,Mohring,wmohringe3@infoseek.co.jp,Female,54.251.126.137
509,Jephthah,Salter,jsaltere4@deliciousdays.com,Male,220.193.225.64
510,Luciana,Fishwick,lfishwicke5@guardian.co.uk,Female,181.195.25.211
511,Adelaide,Dreye,adreyee6@ow.ly,Female,30.80.23.232
512,Biron,Frodsham,bfrodshame7@skyrock.com,Genderfluid,229.88.181.75
513,Layne,Stone Fewings,lstonefewingse8@purevolume.com,Female,222.251.60.190
514,Amy,Maingot,amaingote9@wufoo.com,Female,152.79.16.101
515,Corby,Ibbott,cibbottea@freewebs.com,Bigender,34.58.154.38
516,Virgil,Gulleford,vgullefordeb@slate.com,Male,245.48.23.87
517,Ardelis,Duckett,aduckettec@wufoo.com,Female,168.154.221.93
518,Clarence,Pacquet,cpacqueted@friendfeed.com,Male,206.53.253.178
519,Brande,Garard,bgarardee@google.de,Female,5.236.220.144
520,Gigi,Streetley,gstreetleyef@biblegateway.com,Female,157.235.21.103
521,Hamlen,Mangam,hmangameg@ebay.co.uk,Male,66.76.152.166
522,Melvyn,Lange,mlangeeh@blog.com,Male,66.117.63.109
523,Irvin,Wagenen,iwagenenei@blinklist.com,Male,105.203.146.186
524,Loralyn,Bish,lbishej@odnoklassniki.ru,Female,216.16.158.129
525,Breena,Hollows,bhollowsek@surveymonkey.com,Female,199.191.230.176
526,Melosa,Pennycuick,mpennycuickel@github.com,Female,234.119.136.96
527,Cammy,Phalp,cphalpem@webnode.com,Male,46.6.182.95
528,Haily,Lethlay,hlethlayen@wired.com,Male,60.237.193.25
529,Gawen,Hitchens,ghitchenseo@cnbc.com,Male,33.148.7.236
530,Ailee,Clay,aclayep@indiegogo.com,Female,213.142.39.193
531,Gardie,Torres,gtorreseq@cisco.com,Male,209.60.11.200
532,Lucretia,Banfill,lbanfiller@github.com,Female,29.204.218.247
533,Sonny,Lavery,slaveryes@com.com,Genderfluid,250.27.135.243
534,Ranice,Suston,rsustonet@sitemeter.com,Female,67.118.190.77
535,Rennie,Abad,rabadeu@ask.com,Female,93.118.137.108
536,Orsa,Morhall,omorhallev@posterous.com,Female,250.185.55.119
537,Amata,Ruckledge,aruckledgeew@sfgate.com,Female,8.220.118.73
538,Vasily,Reightley,vreightleyex@smugmug.com,Male,119.206.190.177
539,Brien,Porteous,bporteousey@barnesandnoble.com,Male,88.42.245.208
540,Tildie,Huguet,thuguetez@360.cn,Female,214.162.110.208
541,Sinclair,Masterton,smastertonf0@indiatimes.com,Male,176.60.120.1
542,Moise,Furphy,mfurphyf1@examiner.com,Male,81.238.38.141
543,Riane,Petrasch,rpetraschf2@flickr.com,Female,187.54.15.250
544,Russell,Rayner,rraynerf3@bloomberg.com,Bigender,128.8.47.204
545,Amos,Rablin,arablinf4@alexa.com,Male,97.28.121.200
546,Yard,Carratt,ycarrattf5@blogspot.com,Male,236.171.188.123
547,Yuma,Shouler,yshoulerf6@booking.com,Genderfluid,197.165.172.161
548,Dallon,Ackroyd,dackroydf7@hugedomains.com,Male,137.185.153.215
549,Myrlene,Grestye,mgrestyef8@economist.com,Female,195.189.33.242
550,Denys,Pozer,dpozerf9@technorati.com,Male,11.145.45.93
551,Ly,Matyukon,lmatyukonfa@w3.org,Male,58.98.205.26
552,Kittie,Jupe,kjupefb@myspace.com,Non-binary,152.66.7.36
553,Marillin,Kershaw,mkershawfc@nifty.com,Female,220.175.228.149
554,Derry,Pashan,dpashanfd@storify.com,Male,91.224.143.129
555,Wanda,Ormiston,wormistonfe@mozilla.org,Female,62.172.34.117
556,Noreen,Oxbie,noxbieff@forbes.com,Female,108.44.91.190
557,Candi,Mateuszczyk,cmateuszczykfg@newyorker.com,Female,118.60.254.187
558,Reilly,Luckes,rluckesfh@phpbb.com,Male,116.32.87.18
559,Chicky,MacGilpatrick,cmacgilpatrickfi@sciencedirect.com,Male,217.20.219.75
560,Aguie,Calliss,acallissfj@theglobeandmail.com,Male,160.49.142.125
561,Olga,Perassi,operassifk@bigcartel.com,Female,155.8.181.197
562,Katusha,Chubb,kchubbfl@loc.gov,Female,155.218.22.179
563,Edd,Kain,ekainfm@4shared.com,Male,114.223.138.42
564,Grazia,McIntee,gmcinteefn@ovh.net,Female,90.158.212.229
565,Evyn,Ovill,eovillfo@prnewswire.com,Male,15.78.172.29
566,Nicolis,Berthe,nberthefp@cocolog-nifty.com,Male,0.63.60.22
567,Adamo,Bayly,abaylyfq@miibeian.gov.cn,Male,81.25.87.166
568,Caryn,Haddy,chaddyfr@fc2.com,Female,156.33.157.103
569,Angeline,Pirelli,apirellifs@qq.com,Female,15.208.216.96
570,Jarid,Boothby,jboothbyft@linkedin.com,Male,111.80.132.49
571,Donnajean,Bims,dbimsfu@123-reg.co.uk,Female,36.219.160.19
572,Cortie,Moniker,cmonikerfv@netvibes.com,Male,187.132.158.71
573,Bale,Skeete,bskeetefw@reference.com,Male,155.247.38.76
574,Rutger,Plumstead,rplumsteadfx@go.com,Male,217.16.90.88
575,Bogart,Challin,bchallinfy@elegantthemes.com,Male,26.221.179.216
576,Hagen,Burgen,hburgenfz@wikia.com,Male,205.188.198.151
577,Diahann,Grishkov,dgrishkovg0@mashable.com,Genderqueer,223.43.208.161
578,Erica,Cordelet,ecordeletg1@uol.com.br,Female,236.63.156.88
579,Dionysus,O'Tuohy,dotuohyg2@newyorker.com,Male,140.18.48.114
580,Katrina,Windas,kwindasg3@goo.gl,Female,118.8.116.93
581,El,Trolley,etrolleyg4@miitbeian.gov.cn,Male,129.160.229.13
582,Ive,Capper,icapperg5@chronoengine.com,Male,13.103.24.16
583,Auguste,Reoch,areochg6@people.com.cn,Female,245.174.175.32
584,Rikki,Kellington,rkellingtong7@wikipedia.org,Male,160.245.16.19
585,Janel,Josilowski,jjosilowskig8@barnesandnoble.com,Female,151.213.62.165
586,Hilliary,Brayfield,hbrayfieldg9@seesaa.net,Female,6.236.67.239
587,Percival,Bullion,pbullionga@quantcast.com,Male,10.122.93.210
588,Irita,Leadbeater,ileadbeatergb@salon.com,Female,209.252.97.233
589,Mommy,Juszczak,mjuszczakgc@163.com,Female,181.8.76.50
590,Heddie,Happer,hhappergd@networkadvertising.org,Female,89.182.36.221
591,Elton,Petrello,epetrelloge@flavors.me,Male,125.86.93.60
592,Buddy,Scain,bscaingf@yahoo.com,Male,197.25.35.114
593,Brent,Whittaker,bwhittakergg@dropbox.com,Male,141.71.102.161
594,Morgan,Canland,mcanlandgh@theguardian.com,Genderqueer,235.209.208.95
595,Oralee,Beidebeke,obeidebekegi@jiathis.com,Female,66.129.193.81
596,Samuele,Janauschek,sjanauschekgj@reverbnation.com,Male,23.50.10.184
597,Doti,Fairman,dfairmangk@economist.com,Female,86.82.232.38
598,Drake,Worthing,dworthinggl@sciencedaily.com,Male,252.24.152.118
599,Daphne,Ollcott,dollcottgm@infoseek.co.jp,Female,24.6.70.33
600,Shayna,Glossop,sglossopgn@nba.com,Female,91.225.46.44
601,Codi,Carlyon,ccarlyongo@i2i.jp,Female,48.13.131.44
602,Laina,Phittiplace,lphittiplacegp@samsung.com,Genderfluid,239.187.229.94
603,Riannon,Gainsborough,rgainsboroughgq@icq.com,Female,192.105.55.166
604,Meridith,Taberer,mtaberergr@bbc.co.uk,Female,89.250.176.16
605,Tate,Fairbridge,tfairbridgegs@tinypic.com,Male,185.114.151.104
606,Corrianne,Stair,cstairgt@skype.com,Female,1.182.239.167
607,Avictor,Hagger,ahaggergu@engadget.com,Male,156.60.61.33
608,Katusha,Emeney,kemeneygv@virginia.edu,Female,74.70.115.42
609,Kriste,Morforth,kmorforthgw@nature.com,Female,89.206.78.140
610,Jae,Boxhall,jboxhallgx@hc360.com,Male,117.61.49.92
611,Elka,MacLaig,emaclaiggy@odnoklassniki.ru,Female,7.246.214.150
612,Christoforo,Searight,csearightgz@woothemes.com,Male,152.75.213.161
613,Raimundo,Ambrogio,rambrogioh0@prlog.org,Male,224.210.139.198
614,Lyndsey,Castellaccio,lcastellaccioh1@dailymail.co.uk,Female,136.81.124.72
615,Padraic,Braisby,pbraisbyh2@networkadvertising.org,Male,134.131.129.173
616,Chandal,O'Fallowne,cofallowneh3@miitbeian.gov.cn,Female,70.91.237.63
617,Stafani,Buglar,sbuglarh4@ameblo.jp,Female,147.54.98.183
618,Martha,Stanbro,mstanbroh5@mozilla.com,Female,143.101.127.96
619,Alessandro,O'Cullinane,aocullinaneh6@howstuffworks.com,Bigender,90.10.12.207
620,Halsey,Hansill,hhansillh7@google.it,Male,17.105.157.167
621,Lil,Feldstern,lfeldsternh8@furl.net,Female,105.126.218.8
622,Budd,Grindle,bgrindleh9@nifty.com,Male,196.41.94.220
623,Akim,Rumble,arumbleha@mediafire.com,Male,5.159.39.253
624,Kort,Bestwall,kbestwallhb@gnu.org,Male,152.230.46.33
625,Alvira,Empson,aempsonhc@odnoklassniki.ru,Female,48.13.206.139
626,Davina,Alman,dalmanhd@google.cn,Female,90.105.104.29
627,Klara,Cancellario,kcancellariohe@nbcnews.com,Female,107.255.154.162
628,Layne,Faunch,lfaunchhf@merriam-webster.com,Female,80.117.24.187
629,Jake,Jarville,jjarvillehg@amazon.com,Male,71.201.90.43
630,Melesa,Eouzan,meouzanhh@wired.com,Female,139.192.151.223
631,Rycca,Carnock,rcarnockhi@archive.org,Female,155.218.143.41
632,Jonie,Farrear,jfarrearhj@dropbox.com,Female,100.13.97.231
633,Son,Baudinelli,sbaudinellihk@eventbrite.com,Male,16.197.129.247
634,Lacee,Ansty,lanstyhl@nih.gov,Female,183.198.94.6
635,Ellie,Stute,estutehm@bandcamp.com,Female,156.102.102.100
636,Federica,Blabie,fblabiehn@tmall.com,Female,18.32.215.47
637,Avivah,Edlestone,aedlestoneho@360.cn,Genderfluid,238.39.41.195
638,Muffin,Allabarton,mallabartonhp@furl.net,Female,210.62.188.101
639,Yettie,Nehl,ynehlhq@statcounter.com,Female,116.159.160.109
640,Tanitansy,Vakhrushev,tvakhrushevhr@nifty.com,Female,186.128.193.146
641,Wilek,Kernell,wkernellhs@wikia.com,Male,4.177.123.159
642,Quintin,Kidney,qkidneyht@about.com,Male,122.15.109.109
643,Danika,Aubert,dauberthu@ed.gov,Female,174.198.221.41
644,Abdel,Megson,amegsonhv@dion.ne.jp,Male,152.171.163.103
645,Brocky,Sansbury,bsansburyhw@chicagotribune.com,Male,31.221.98.171
646,Faydra,Schwander,fschwanderhx@google.com,Female,172.28.74.251
647,Sonja,Fuzzey,sfuzzeyhy@mapy.cz,Female,224.63.208.244
648,Griz,Hawler,ghawlerhz@businesswire.com,Male,205.155.4.244
649,Xenos,Lowson,xlowsoni0@weebly.com,Male,146.231.55.240
650,Emlynne,Deeney,edeeneyi1@quantcast.com,Agender,213.22.49.227
651,Rosella,Coombe,rcoombei2@zimbio.com,Female,224.96.182.204
652,Peirce,Flippelli,pflippellii3@aboutads.info,Male,70.72.222.211
653,Asa,Sargant,asarganti4@walmart.com,Male,44.97.17.141
654,Torey,Spinley,tspinleyi5@indiegogo.com,Non-binary,166.185.185.231
655,Starr,Brigstock,sbrigstocki6@trellian.com,Female,221.170.237.39
656,Jonas,Ruffey,jruffeyi7@who.int,Male,37.132.32.3
657,Dagmar,Dorey,ddoreyi8@springer.com,Female,147.23.194.211
658,Gill,Bellew,gbellewi9@free.fr,Female,171.111.25.53
659,Eimile,Stuckley,estuckleyia@mediafire.com,Female,91.103.86.13
660,Harp,McTerry,hmcterryib@wikimedia.org,Male,144.99.83.83
661,Hynda,Gerrets,hgerretsic@jimdo.com,Female,91.199.253.202
662,Jdavie,Banaszewski,jbanaszewskiid@themeforest.net,Male,115.63.137.107
663,Evelyn,Maypes,emaypesie@blogger.com,Female,206.248.17.18
664,Shaylynn,Bent,sbentif@google.ca,Female,201.141.251.176
665,Enid,Yezafovich,eyezafovichig@artisteer.com,Female,97.185.244.53
666,Lilli,Crellin,lcrellinih@elegantthemes.com,Female,40.146.32.131
667,Suellen,Mackrill,smackrillii@linkedin.com,Female,91.133.119.220
668,Atlanta,Acory,aacoryij@alexa.com,Female,188.228.26.62
669,Lorianne,Sharvell,lsharvellik@umn.edu,Female,210.14.239.234
670,Odelle,MacKeague,omackeagueil@canalblog.com,Female,175.97.164.60
671,Deanne,Creavin,dcreavinim@i2i.jp,Female,39.100.218.32
672,Betsey,Springett,bspringettin@mashable.com,Bigender,251.132.243.69
673,Norman,Paz,npazio@dyndns.org,Male,72.216.40.205
674,Maxwell,Cash,mcaship@t.co,Male,98.154.198.149
675,Franciskus,Northage,fnorthageiq@discovery.com,Male,166.236.156.245
676,Hartley,Bickers,hbickersir@purevolume.com,Male,110.218.29.70
677,Berget,Redpath,bredpathis@go.com,Female,179.235.123.86
678,Jeanette,Sneyd,jsneydit@wisc.edu,Female,208.154.64.9
679,Seana,Drysdell,sdrysdelliu@home.pl,Female,76.222.186.194
680,Dorey,Kniveton,dknivetoniv@xing.com,Polygender,125.186.255.176
681,Ginny,Keer,gkeeriw@taobao.com,Female,93.84.106.146
682,Trista,Froggatt,tfroggattix@dot.gov,Female,145.25.44.245
683,Seth,Rimington,srimingtoniy@webmd.com,Male,225.158.29.66
684,Dirk,Arnholtz,darnholtziz@webmd.com,Male,137.2.251.123
685,Liliane,Mitchall,lmitchallj0@people.com.cn,Female,45.220.222.80
686,Francyne,Preddle,fpreddlej1@tmall.com,Female,180.211.212.238
687,Constantine,Westnage,cwestnagej2@surveymonkey.com,Female,28.81.122.1
688,Clark,Probbings,cprobbingsj3@webeden.co.uk,Male,155.252.17.75
689,Duncan,O'Sculley,dosculleyj4@smugmug.com,Male,142.59.220.186
690,Emanuele,Meadows,emeadowsj5@bbc.co.uk,Male,224.95.76.148
691,Ambrosi,Brundle,abrundlej6@fda.gov,Male,52.250.40.251
692,Aaren,Deverson,adeversonj7@ning.com,Female,233.149.44.112
693,Lucho,Bunyard,lbunyardj8@163.com,Male,122.208.11.141
694,Nedda,Wackly,nwacklyj9@dmoz.org,Female,75.137.107.88
695,Ciro,Doe,cdoeja@ustream.tv,Male,143.79.227.180
696,Annabel,Ruperto,arupertojb@flickr.com,Female,217.58.179.166
697,Carrissa,Ruddiforth,cruddiforthjc@fotki.com,Female,114.186.234.32
698,Danila,Waistell,dwaistelljd@liveinternet.ru,Agender,248.89.205.146
699,Kelsey,McIleen,kmcileenje@ucla.edu,Male,7.195.118.238
700,Costa,Vashchenko,cvashchenkojf@pcworld.com,Male,84.119.232.2
701,Alta,Abbots,aabbotsjg@cbslocal.com,Female,0.22.194.225
702,Ivette,Kibblewhite,ikibblewhitejh@pbs.org,Genderfluid,248.144.201.235
703,Baron,Hutchin,bhutchinji@theatlantic.com,Male,126.254.45.92
704,Rafe,Harverson,rharversonjj@cpanel.net,Male,163.149.218.42
705,Catherine,Hazleton,chazletonjk@gizmodo.com,Female,64.4.63.148
706,Analise,Jobbings,ajobbingsjl@amazon.com,Non-binary,148.113.126.170
707,Olenolin,Kettow,okettowjm@desdev.cn,Male,202.156.97.128
708,Perceval,Keinrat,pkeinratjn@utexas.edu,Male,250.196.56.228
709,Linnie,Byrcher,lbyrcherjo@goo.ne.jp,Female,153.251.99.230
710,Sutherlan,Slatten,sslattenjp@sciencedirect.com,Male,110.50.160.152
711,Krispin,Rustman,krustmanjq@yandex.ru,Male,193.112.77.248
712,Bernardo,Henric,bhenricjr@skyrock.com,Male,111.185.231.34
713,Amory,Cardno,acardnojs@forbes.com,Male,149.6.201.247
714,Marlyn,Prodrick,mprodrickjt@aol.com,Female,250.119.178.38
715,Giraldo,Calderon,gcalderonju@cdc.gov,Male,76.179.169.125
716,Allys,Wilsey,awilseyjv@shareasale.com,Polygender,140.148.145.245
717,Shelden,Mallett,smallettjw@howstuffworks.com,Male,249.241.133.115
718,Adara,Halsted,ahalstedjx@privacy.gov.au,Female,54.18.229.11
719,Katuscha,Elias,keliasjy@wufoo.com,Female,255.169.135.37
720,Daniella,Hardwich,dhardwichjz@goo.ne.jp,Polygender,178.115.232.157
721,Jule,Shear,jsheark0@fastcompany.com,Male,136.246.167.194
722,Sherri,Walworche,swalworchek1@jimdo.com,Female,173.23.253.4
723,Nanci,Siebert,nsiebertk2@cornell.edu,Female,173.58.25.135
724,Zahara,Lytton,zlyttonk3@reverbnation.com,Female,66.99.161.8
725,Somerset,Micheli,smichelik4@yolasite.com,Male,143.134.172.253
726,Robby,Cissell,rcissellk5@goo.gl,Male,120.96.215.20
727,Harbert,Loveday,hlovedayk6@springer.com,Male,156.188.29.8
728,Albie,Yon,ayonk7@accuweather.com,Male,39.234.106.14
729,Janeva,Sapir,jsapirk8@symantec.com,Female,226.150.139.155
730,Grantley,Chatburn,gchatburnk9@tmall.com,Male,152.152.118.39
731,Garik,Carding,gcardingka@example.com,Bigender,122.227.244.79
732,Benedicta,Matashkin,bmatashkinkb@microsoft.com,Female,200.177.176.233
733,Richmond,Dolphin,rdolphinkc@shutterfly.com,Agender,102.129.24.105
734,Tito,Farquarson,tfarquarsonkd@altervista.org,Polygender,195.36.155.89
735,Seumas,Cheavin,scheavinke@instagram.com,Male,96.159.7.54
736,Elka,Balazs,ebalazskf@washington.edu,Female,115.176.154.179
737,Benedetto,Haistwell,bhaistwellkg@google.pl,Male,39.113.74.95
738,Slade,Tesche,steschekh@ftc.gov,Male,149.112.63.85
739,Lamond,Ingram,lingramki@ucoz.ru,Male,248.112.212.119
740,Lebbie,Giraudat,lgiraudatkj@buzzfeed.com,Female,184.163.183.63
741,Geoffry,Canham,gcanhamkk@cmu.edu,Male,142.60.49.93
742,Mitchel,McCaghan,mmccaghankl@wikimedia.org,Male,73.198.88.189
743,Darby,Loker,dlokerkm@mac.com,Female,130.196.151.7
744,Amity,Ingleby,ainglebykn@stumbleupon.com,Agender,58.140.101.214
745,Ambrose,Danelutti,adaneluttiko@nyu.edu,Polygender,75.127.101.99
746,Michail,Cleere,mcleerekp@cyberchimps.com,Male,163.154.149.231
747,Yolande,Enocksson,yenockssonkq@oaic.gov.au,Polygender,84.188.202.65
748,Randi,Whittleton,rwhittletonkr@reddit.com,Male,89.205.114.68
749,Jermain,Pople,jpopleks@4shared.com,Male,225.221.138.238
750,Letizia,Wagstaff,lwagstaffkt@csmonitor.com,Female,201.217.251.116
751,Stephenie,Brockett,sbrockettku@nsw.gov.au,Female,198.166.6.233
752,Gerta,Copland,gcoplandkv@drupal.org,Female,218.127.154.227
753,Ki,Truman,ktrumankw@nhs.uk,Female,116.127.204.125
754,Alix,Prosser,aprosserkx@nifty.com,Male,79.79.62.53
755,Lemuel,Windybank,lwindybankky@scientificamerican.com,Male,54.95.134.143
756,Devora,Snoddin,dsnoddinkz@fda.gov,Female,153.72.149.195
757,Mariam,Mallows,mmallowsl0@canalblog.com,Female,205.137.61.176
758,Felipe,Phipps,fphippsl1@printfriendly.com,Male,71.175.193.240
759,Bronnie,Rodbourne,brodbournel2@amazon.co.uk,Male,58.233.196.109
760,Donavon,Rillstone,drillstonel3@gnu.org,Male,35.239.140.21
761,Xavier,Putterill,xputterilll4@exblog.jp,Male,104.241.246.218
762,Damita,Groll,dgrolll5@ucoz.com,Female,230.128.91.10
763,Ashlan,Maestrini,amaestrinil6@hibu.com,Female,221.204.240.164
764,Peadar,Hincham,phinchaml7@usnews.com,Male,242.57.179.4
765,Matty,Orrobin,morrobinl8@whitehouse.gov,Male,21.15.56.178
766,Tymon,Hauger,thaugerl9@sbwire.com,Male,209.168.114.14
767,Salvidor,Channing,schanningla@plala.or.jp,Male,187.90.19.194
768,Friedrich,Leek,fleeklb@blogtalkradio.com,Male,171.48.95.181
769,Zola,Lumley,zlumleylc@topsy.com,Female,36.226.140.110
770,Abbe,Possell,apossellld@google.cn,Female,149.199.170.254
771,Balduin,Heyball,bheyballle@squidoo.com,Male,150.152.6.185
772,Gui,Craigs,gcraigslf@globo.com,Female,239.99.67.37
773,Fionna,Cadogan,fcadoganlg@hhs.gov,Female,111.215.120.22
774,Oates,Couronne,ocouronnelh@sohu.com,Genderfluid,207.95.243.241
775,Ty,Minshall,tminshallli@blogspot.com,Male,135.129.87.179
776,Lucian,Brauninger,lbrauningerlj@aol.com,Non-binary,124.184.245.189
777,Jannelle,MacHostie,jmachostielk@ustream.tv,Female,22.149.131.193
778,Sharl,Sultan,ssultanll@arizona.edu,Non-binary,95.125.183.252
779,Rosie,Stanger,rstangerlm@youku.com,Female,13.133.105.78
780,Cordie,Coxall,ccoxallln@state.tx.us,Male,216.219.77.102
781,Ferrel,Gouldie,fgouldielo@census.gov,Male,163.113.86.151
782,Finlay,O'Sirin,fosirinlp@economist.com,Genderfluid,25.179.182.182
783,Nessie,Hellin,nhellinlq@t-online.de,Non-binary,228.131.223.78
784,Cesya,Sholem,csholemlr@cnbc.com,Female,198.184.183.3
785,Benoit,Smillie,bsmilliels@tinyurl.com,Male,78.192.30.62
786,Allard,MacVaugh,amacvaughlt@harvard.edu,Bigender,202.91.208.15
787,Moina,Nolte,mnoltelu@technorati.com,Female,92.233.230.52
788,Kissie,Drewson,kdrewsonlv@npr.org,Female,254.63.43.77
789,Shay,Thackwray,sthackwraylw@intel.com,Male,156.135.167.65
790,Cyndy,Kippax,ckippaxlx@dot.gov,Female,36.74.113.180
791,Harriette,Sheldon,hsheldonly@lulu.com,Female,174.17.78.207
792,Karylin,Moffat,kmoffatlz@eepurl.com,Female,38.201.23.64
793,Bonita,Baybutt,bbaybuttm0@kickstarter.com,Female,81.52.7.168
794,Reynold,Haszard,rhaszardm1@virginia.edu,Male,219.162.182.35
795,Torin,Heistermann,theistermannm2@shop-pro.jp,Male,217.133.118.219
796,Sarita,McGinlay,smcginlaym3@craigslist.org,Female,49.19.157.210
797,Modestia,Demangeot,mdemangeotm4@msu.edu,Female,154.60.52.38
798,Alexis,Brason,abrasonm5@vimeo.com,Male,5.214.132.17
799,Angelo,Domegan,adomeganm6@buzzfeed.com,Male,113.215.40.119
800,Wilton,Milbank,wmilbankm7@elegantthemes.com,Male,251.151.144.245
801,Dorise,Choffin,dchoffinm8@feedburner.com,Female,112.185.148.240
802,Lulu,Stogill,lstogillm9@chron.com,Female,9.62.105.56
803,Aloysia,Gerhartz,agerhartzma@psu.edu,Female,235.237.113.49
804,Celestyna,Corss,ccorssmb@comsenz.com,Female,97.131.153.203
805,Claudelle,Slowcock,cslowcockmc@nasa.gov,Female,213.168.82.65
806,Noby,Toffanini,ntoffaninimd@people.com.cn,Male,218.52.95.216
807,Glynis,Dumke,gdumkeme@ucoz.com,Female,221.149.137.111
808,Brent,O'Crevan,bocrevanmf@sourceforge.net,Male,179.76.3.29
809,Debra,Blaydes,dblaydesmg@netvibes.com,Female,114.248.245.3
810,Dillon,Wayne,dwaynemh@aboutads.info,Male,83.23.222.160
811,Even,Phoebe,ephoebemi@bloomberg.com,Bigender,172.164.81.83
812,Nollie,Argyle,nargylemj@dedecms.com,Male,30.151.80.175
813,Travis,Icke,tickemk@uol.com.br,Male,159.31.160.26
814,Neila,Scrange,nscrangeml@nih.gov,Female,79.161.66.29
815,Dionisio,Duckham,dduckhammm@howstuffworks.com,Male,152.18.3.63
816,Carlita,Curgenuer,ccurgenuermn@google.de,Female,123.115.17.119
817,Andros,Tall,atallmo@accuweather.com,Male,71.65.221.121
818,Robyn,Bakes,rbakesmp@redcross.org,Female,19.114.244.129
819,Friedrick,Kalvin,fkalvinmq@nsw.gov.au,Male,153.23.228.200
820,Albrecht,Benbow,abenbowmr@google.pl,Male,38.224.132.77
821,Gallagher,Saffin,gsaffinms@msu.edu,Male,227.77.205.240
822,Antons,Wasylkiewicz,awasylkiewiczmt@aol.com,Male,44.192.154.149
823,Stephannie,Fealy,sfealymu@wikimedia.org,Female,136.175.197.25
824,Chere,Colbertson,ccolbertsonmv@ca.gov,Female,60.142.216.79
825,Reuben,Coats,rcoatsmw@unicef.org,Male,170.12.242.81
826,Vannie,Rahl,vrahlmx@bluehost.com,Female,146.225.174.27
827,Gerrie,Juarez,gjuarezmy@de.vu,Male,131.85.110.76
828,Millard,Macourek,mmacourekmz@ft.com,Male,85.199.179.218
829,Sorcha,Windle,swindlen0@imdb.com,Agender,58.165.132.233
830,Bear,Kestell,bkestelln1@slideshare.net,Male,29.10.156.70
831,Che,Bernth,cbernthn2@over-blog.com,Male,174.108.72.54
832,Kiele,Burder,kburdern3@hubpages.com,Female,164.179.191.35
833,Roderick,Sedman,rsedmann4@1und1.de,Male,14.7.146.76
834,Wrennie,Plank,wplankn5@mysql.com,Female,12.165.221.61
835,Kathe,Lukes,klukesn6@boston.com,Female,178.59.186.44
836,Martica,Fergie,mfergien7@creativecommons.org,Female,187.157.97.70
837,Gordon,Ambroix,gambroixn8@mit.edu,Male,81.61.19.230
838,Wilbert,Gradly,wgradlyn9@noaa.gov,Male,198.36.137.109
839,Huberto,Tigner,htignerna@nih.gov,Male,238.204.35.32
840,Lynnette,McGaffey,lmcgaffeynb@squidoo.com,Female,219.172.246.75
841,Gretta,Babbage,gbabbagenc@nba.com,Female,234.31.95.243
842,Celinda,Thominga,cthomingand@twitpic.com,Female,106.43.204.10
843,Skipp,Torn,stornne@lycos.com,Bigender,226.168.154.123
844,Marjorie,Ewan,mewannf@oracle.com,Female,84.60.84.189
845,Shaun,Bettenay,sbettenayng@statcounter.com,Genderfluid,175.22.35.97
846,Wilhelmina,Canham,wcanhamnh@webmd.com,Female,161.221.147.153
847,Cozmo,Ochterlony,cochterlonyni@earthlink.net,Male,32.202.78.228
848,Neely,Morton,nmortonnj@hibu.com,Non-binary,182.219.35.114
849,Gail,Gazey,ggazeynk@china.com.cn,Polygender,43.211.31.98
850,Viviana,Salan,vsalannl@typepad.com,Bigender,151.196.194.93
851,Hadleigh,Fonte,hfontenm@disqus.com,Male,173.253.22.127
852,Cindi,Darrach,cdarrachnn@fda.gov,Female,63.129.196.18
853,Jeanelle,Baynard,jbaynardno@technorati.com,Female,231.191.5.63
854,Leroi,Bowra,lbowranp@liveinternet.ru,Male,4.129.149.124
855,Gilda,Bottomore,gbottomorenq@eepurl.com,Female,203.163.129.80
856,Leann,Peirson,lpeirsonnr@army.mil,Female,161.227.46.22
857,Orin,Filipic,ofilipicns@loc.gov,Genderqueer,82.121.154.139
858,Trudey,Bowditch,tbowditchnt@adobe.com,Female,210.117.49.8
859,Klement,Comberbach,kcomberbachnu@myspace.com,Male,84.199.198.44
860,Kelby,Cutmere,kcutmerenv@ucsd.edu,Male,99.96.228.97
861,Mercy,Tumasian,mtumasiannw@plala.or.jp,Female,155.236.204.103
862,Lorin,Merrison,lmerrisonnx@tamu.edu,Male,22.76.89.8
863,Georgi,Dunmore,gdunmoreny@histats.com,Male,97.195.10.214
864,Avivah,Stennes,astennesnz@netvibes.com,Genderfluid,85.47.20.89
865,Briny,Dabney,bdabneyo0@tumblr.com,Female,213.69.158.177
866,Loydie,Faulo,lfauloo1@reuters.com,Male,173.64.37.78
867,Bentley,Sherebrooke,bsherebrookeo2@businessinsider.com,Male,139.41.9.142
868,Caresse,Mateescu,cmateescuo3@amazon.co.uk,Female,154.167.215.54
869,Dianne,Lantoph,dlantopho4@vistaprint.com,Genderqueer,238.96.244.86
870,Ryann,Cords,rcordso5@springer.com,Female,130.118.103.24
871,Wynn,Camamill,wcamamillo6@businesswire.com,Female,229.212.126.98
872,Cammi,Fordham,cfordhamo7@macromedia.com,Female,252.78.192.94
873,Kerwinn,Skehan,kskehano8@canalblog.com,Male,234.164.65.56
874,Jervis,Gazey,jgazeyo9@state.gov,Male,173.122.141.93
875,Toby,Ineson,tinesonoa@163.com,Female,2.42.26.33
876,Corbin,Pichan,cpichanob@lulu.com,Male,215.34.19.117
877,Cordy,Abramovitch,cabramovitchoc@guardian.co.uk,Male,96.84.6.144
878,Blythe,Aslum,baslumod@xrea.com,Female,233.97.183.244
879,Dale,Heath,dheathoe@zimbio.com,Male,90.242.38.87
880,Daveen,Bossom,dbossomof@free.fr,Female,79.109.170.127
881,Jaye,Ackred,jackredog@sfgate.com,Male,162.228.65.100
882,Madeline,Wayman,mwaymanoh@hp.com,Female,131.196.40.24
883,Josee,Fettes,jfettesoi@artisteer.com,Female,48.140.164.109
884,Coralie,Widocks,cwidocksoj@cdbaby.com,Female,236.6.30.53
885,Lonna,Ondricek,londricekok@ifeng.com,Female,129.245.245.121
886,Shae,Blackie,sblackieol@vk.com,Male,26.128.196.187
887,Linn,Bewly,lbewlyom@census.gov,Female,150.64.59.242
888,Deirdre,Glisane,dglisaneon@people.com.cn,Female,188.251.117.19
889,Jamey,Fleet,jfleetoo@bing.com,Male,161.171.186.241
890,Bryon,Sivell,bsivellop@sciencedaily.com,Male,54.99.40.235
891,Tabina,Duffy,tduffyoq@live.com,Female,92.109.248.63
892,Rosamond,Das,rdasor@1688.com,Female,98.168.51.146
893,Alaric,Vassbender,avassbenderos@ft.com,Male,166.15.244.227
894,Hunt,Crowcum,hcrowcumot@google.pl,Male,180.93.229.14
895,Rinaldo,Dunlap,rdunlapou@eventbrite.com,Male,17.246.175.22
896,Mildrid,Evered,meveredov@chron.com,Female,55.74.59.116
897,Donaugh,Basnett,dbasnettow@hibu.com,Male,186.32.115.161
898,Nickola,Shurrocks,nshurrocksox@wired.com,Male,186.120.106.73
899,Junette,Fenck,jfenckoy@canalblog.com,Female,225.16.153.17
900,Friedrick,Neild,fneildoz@wikia.com,Male,209.87.24.104
901,Currey,Fallanche,cfallanchep0@artisteer.com,Male,74.110.8.162
902,Terri,Van der Kruis,tvanderkruisp1@npr.org,Female,129.22.245.19
903,Stanly,Ascough,sascoughp2@nifty.com,Male,20.50.37.7
904,Vilhelmina,Hullot,vhullotp3@nydailynews.com,Female,249.195.53.110
905,Bessy,Winslade,bwinsladep4@dagondesign.com,Female,66.200.166.203
906,Vonnie,Rakestraw,vrakestrawp5@google.com,Female,125.249.211.215
907,Britt,Jorck,bjorckp6@dyndns.org,Bigender,22.144.237.91
908,Benedick,Parnell,bparnellp7@quantcast.com,Male,133.178.73.110
909,Phillis,Josefsson,pjosefssonp8@desdev.cn,Female,228.242.136.140
910,Marita,Poultney,mpoultneyp9@mayoclinic.com,Female,51.246.177.209
911,Ruby,Poli,rpolipa@instagram.com,Male,219.84.42.106
912,Aguste,Rentoll,arentollpb@aol.com,Male,100.77.40.253
913,Analise,Gudgion,agudgionpc@ted.com,Female,215.50.225.90
914,Nerissa,Cassedy,ncassedypd@dailymail.co.uk,Genderfluid,229.150.249.22
915,Sheba,Thew,sthewpe@goodreads.com,Genderqueer,4.111.227.246
916,Hillie,Siehard,hsiehardpf@chicagotribune.com,Male,37.106.123.117
917,Fredi,Loder,floderpg@reference.com,Agender,24.185.215.241
918,Haleigh,Meins,hmeinsph@exblog.jp,Female,55.163.91.249
919,Conn,Whenham,cwhenhampi@go.com,Male,213.89.228.71
920,Lorelei,Schole,lscholepj@archive.org,Female,225.75.85.118
921,Haskel,Roddell,hroddellpk@comcast.net,Male,160.149.205.200
922,Meredith,Ploughwright,mploughwrightpl@discovery.com,Female,209.61.246.72
923,Brok,Schimank,bschimankpm@domainmarket.com,Male,0.121.76.6
924,Milly,Boyfield,mboyfieldpn@sogou.com,Female,19.29.75.204
925,Aylmar,Knappett,aknappettpo@marketwatch.com,Male,35.110.42.131
926,Richard,Redgrave,rredgravepp@vistaprint.com,Male,173.214.59.217
927,Jojo,Parradine,jparradinepq@wikipedia.org,Bigender,84.170.52.245
928,Jan,Patey,jpateypr@vimeo.com,Polygender,253.117.217.26
929,Bernadina,Alanbrooke,balanbrookeps@gmpg.org,Female,127.171.153.251
930,Clary,Fildery,cfilderypt@ft.com,Female,248.79.238.161
931,Ev,O'Deegan,eodeeganpu@ftc.gov,Male,67.253.181.88
932,Paquito,Auchterlony,pauchterlonypv@google.co.jp,Male,86.243.31.103
933,Inessa,Briars,ibriarspw@youtu.be,Female,57.230.221.106
934,Rowena,Ferrao,rferraopx@fema.gov,Female,167.178.217.161
935,Lanae,Groger,lgrogerpy@umn.edu,Female,255.198.80.128
936,Anne-corinne,Pashba,apashbapz@arstechnica.com,Female,45.215.76.248
937,Cicely,Sprull,csprullq0@wp.com,Female,37.131.2.185
938,Marya,Collcott,mcollcottq1@bbb.org,Female,60.165.138.241
939,Amitie,Saldler,asaldlerq2@soup.io,Female,214.224.38.128
940,Essy,Ferrari,eferrariq3@tripod.com,Female,141.131.28.220
941,Arlin,Apark,aaparkq4@odnoklassniki.ru,Polygender,61.92.193.218
942,Cherish,Simyson,csimysonq5@domainmarket.com,Female,66.53.11.44
943,Raimondo,Fenich,rfenichq6@imgur.com,Male,21.108.130.237
944,Delcine,Pechell,dpechellq7@china.com.cn,Female,209.253.14.115
945,Kelcey,Longo,klongoq8@ox.ac.uk,Female,102.17.233.74
946,Shannon,O'Halligan,sohalliganq9@loc.gov,Male,184.79.41.158
947,Benyamin,Pergens,bpergensqa@weibo.com,Bigender,183.7.223.28
948,Vick,Lonergan,vlonerganqb@oracle.com,Male,246.41.44.66
949,Nara,Kaindl,nkaindlqc@dropbox.com,Female,164.63.211.226
950,Ariel,Beller,abellerqd@deviantart.com,Female,77.184.105.9
951,Jilli,Streat,jstreatqe@amazon.co.uk,Female,22.30.1.87
952,Torin,Walden,twaldenqf@tiny.cc,Male,21.15.22.226
953,Rowney,Lorne,rlorneqg@about.com,Male,241.74.21.124
954,Frazer,Shropshire,fshropshireqh@instagram.com,Male,47.201.131.118
955,Kermie,Rosborough,krosboroughqi@mozilla.com,Male,30.200.79.18
956,Elvyn,Quickfall,equickfallqj@buzzfeed.com,Male,4.68.20.231
957,Bancroft,Biaggetti,bbiaggettiqk@mit.edu,Male,119.162.124.229
958,Alden,Rillstone,arillstoneql@purevolume.com,Male,212.144.82.10
959,Justinian,Smoth,jsmothqm@home.pl,Non-binary,175.249.239.43
960,Leelah,Brastead,lbrasteadqn@infoseek.co.jp,Female,192.124.184.222
961,Chandal,Strettle,cstrettleqo@pagesperso-orange.fr,Female,174.106.17.96
962,Dwain,Temby,dtembyqp@list-manage.com,Male,84.25.183.109
963,Urbain,Pol,upolqq@theatlantic.com,Male,64.24.140.141
964,Lillian,Sutworth,lsutworthqr@cdc.gov,Female,176.153.155.8
965,Hobie,Jansky,hjanskyqs@usnews.com,Male,220.141.196.6
966,Brendis,Lorenz,blorenzqt@auda.org.au,Male,6.209.98.252
967,Dex,Tace,dtacequ@tumblr.com,Male,26.182.147.237
968,Lauri,Pomroy,lpomroyqv@bloglovin.com,Female,169.22.163.182
969,Timmie,Rennicks,trennicksqw@friendfeed.com,Male,123.236.242.150
970,Scotti,Coskerry,scoskerryqx@un.org,Male,105.9.119.57
971,Timotheus,Coulter,tcoulterqy@qq.com,Genderqueer,18.104.31.197
972,Willie,Chessill,wchessillqz@zdnet.com,Female,49.84.66.52
973,Rocky,Stickel,rstickelr0@symantec.com,Male,94.232.74.221
974,Ermina,Bramham,ebramhamr1@examiner.com,Female,209.160.229.124
975,Dodie,Philcott,dphilcottr2@miitbeian.gov.cn,Female,125.210.175.220
976,Cordi,Seeking,cseekingr3@disqus.com,Female,12.175.222.79
977,Arlana,Marl,amarlr4@newyorker.com,Female,54.12.153.209
978,Harbert,Thickett,hthickettr5@etsy.com,Male,26.83.244.167
979,Tiebout,Rableau,trableaur6@jimdo.com,Male,91.96.35.45
980,Inesita,Lippatt,ilippattr7@yellowpages.com,Female,105.83.122.244
981,Kiley,Togher,ktogherr8@bigcartel.com,Male,178.12.59.97
982,Sylas,Stoke,sstoker9@posterous.com,Male,163.53.104.195
983,Alonso,Cosbey,acosbeyra@ibm.com,Male,234.147.46.125
984,Bunnie,Bielfeldt,bbielfeldtrb@salon.com,Female,131.13.90.177
985,Ivett,Mandrey,imandreyrc@smugmug.com,Agender,93.87.163.173
986,Jaquenetta,Gallimore,jgallimorerd@bing.com,Female,119.65.191.54
987,Stearne,Colliber,scolliberre@techcrunch.com,Male,208.254.136.138
988,Phillipp,Summerrell,psummerrellrf@canalblog.com,Male,165.119.129.184
989,Dory,Gorghetto,dgorghettorg@github.com,Male,12.217.55.147
990,Lara,Vigers,lvigersrh@free.fr,Female,62.185.118.141
991,Nicko,Di Filippo,ndifilippori@acquirethisname.com,Male,79.147.219.200
992,George,McEnery,gmceneryrj@i2i.jp,Non-binary,186.103.16.95
993,Fleming,Gascoine,fgascoinerk@ow.ly,Male,208.141.231.49
994,Lindi,Tatum,ltatumrl@surveymonkey.com,Female,163.209.18.15
995,Evita,Stuchbery,estuchberyrm@marriott.com,Female,31.157.176.196
996,Roseann,Oganesian,roganesianrn@wufoo.com,Female,55.28.140.43
997,Reiko,Cleary,rclearyro@w3.org,Female,224.85.210.167
998,Pacorro,Benzi,pbenzirp@reference.com,Male,243.254.110.207
999,Vanessa,Wheeliker,vwheelikerrq@so-net.ne.jp,Female,244.55.229.59
1000,Raffarty,Blazej,rblazejrr@is.gd,Male,67.36.137.224
